id,username
rho6qyvc,SmartBastardGaming
29at7az7,dokkku
u35l1wmv,LabRatsInc
2bwlvf2i,IsDaouda_Games
vm0ldvvb,CreativeMediaStudio_
501se3e1,RedSlimeSKirt
ruuzxbog,slaughter_cats
8xypkfpl,PracticalNPC
13frs0e9,Ivan_Titov
31yz9,midge
449itag0,AMilToOne
8tqvirrw,smiley_stingray
dj83tisv,Reasonable_Put_3679
3pdwyykv,AlexMosunov
u1n2dt09,_NewDawn
ebwre,Solocov
8worh,Insign
4vnfue8g,Katruna94
5q9mlgwz,TheDocileFright
3gb9cgzv,fabrialis
q1dcxg4s,cymban
aib1vgjz,AndenStudios
5ilzh,h0neyfr0g
5h92x,pixel_illustrator
iz27n9pt,GameDev_461
vuw7xhyk,CeruleanBoolean141
5mwm9g8j,_V3X3D_
vti0ebgl,Pletshere
2dp2r4m7,memo689
gqmb41io,Stonegauge
es1up,AbelGray
4bqzx168,shmachin1
d68k3nrr,ADHDachsund
495hkd2r,mrknztrk
4dysx3,ichbinhamma
svlcecfj,ichwillkeineNummer
lgwzj,alicona
sfop23wd,RAS_Markru
ydtx6,Vincent_Penning
em4uhgwz,Otres_1
3y7dc259,MhmdSubhi
6o7yiw4e8,IvanDrozd
138t6qp0,Cactillian
a70zbmey,cawabunga_
qfaj2s9m,KaidoDreamers
rw25yi8o,FirestoneGames
bbnqdhbn,Pixelate_Games
razyqtm8,Spotless_Games
6k41bd00h,vladislav_beysembaev
w3bakof4,leofunoff
1pu3nkfk,ethancodes89
c4q1hd14,Far-Speaker-3517
2v94pu4z,Edalbung
crm6c,destinedd
7p7dbbdk,Comfortable_Rip5222
sh2nhfbb,SoupIcy1310
c5knbyyv,KingStudios6
7nhg0imui,True_Buyer_7774
k76xp64t,RedArmy6894
cd43osec,shootinka
w2j21sie,Both-Opening-5679
gz9k1mbu,Pulseatron
5xfjwaplw,Limkard
j4g18bb5,scarahhyde
5zr4y3lg,AmneticgamerYT
65t93n9sh,GreyFaIcon
5x2np87y,MangyGoblin
4k9ky,FireDragon04
cdpw4uel,Andrey1712
5oboge3s,vediban
3w6iz3iu,Sifu-A
6ivybiskr,TheWalkingMan1080p
f2eekevf,Embarrassed-List-209
79j9y7x2,National-Attention-1
3vtcgg6w,Outdoordoor
7ig43nej7,newStrayanimal
cnm6psz,dev_life
w9bhgks7,WheezyWorks
qy8nmn3t,measte0263
b14yug4n,dudadrawingss
ajoluxsa,Ida_dat_potato
8kqviat9,Indie_Parth
apuj8tz9,TeamCrystalFern
miymcwn5,a-curious-owl
4ngu5,JoeManaco
xc4ru,minimumoverkill
e1m1okrj,FranticallyCrazy
zh78i,PM_ME_WITTY_USERNAME
i095wnjn,aadfd
vls9a27q,ChaosMindsDev
4wjrdjuc,The7O2Guy
68iznkpi,GorkaGames
59ywp6wu,Riguel34
18pa1m,ward0123456789
vo2229x6,Sad-Doubt-6797
mxczhsg1,jnbfdyjnndy
hwyd4kpp,MaxTurch
55dl3e96,akela-morse
15cf6q2,SexuallyScientific
7l05xz2u,asset1596
uhmtwrbp,KatharsisOfficial
s5euwf6v,Wabaweya
nzbe2s89,CrypticXSystem
vc3xj618,KaminaTheManly
4jnfo7j7,just_ouro
a3uqmv3j,gjtiquia
264631nh,chillax_toons
s6hm6wj1,loverboi99_
vosx0ng,ShadeStep16
5ddgx55im,johnjamesthegreatest
pn8ir0ph,One-Raspberry5113
5fzta2r7,ZookeepergameLumpy43
hth11,Senorragequit
8q4wzbt8,Difficult_Motor8683
pf1nf,FFXeno
1codjg8l,Fenrystein
vhukh8ld,Internet0fGames
8rrif6bi,jjzzpp123
11xurg,thejrenegade
63cu4vdc,Chunchulengue
1r9uhdst,mekartikshah
80mbra1g,BluebirdLivid
zid25,xagarth
pk1obh26,Some-Pangolin1489
qbjxpp5j,Separate_Reveal4637
r00ov,jak12329
5z1raq89,anywhereiroa
4vwac,umen
aw3y1pkd,ObjectivePale9444
82ab9ijf,FadelAlAbbass
96zke76j,APYROMANIAC900
dz2ay,gitbotv
51uofoll,SophiaCalmStorm
w90t2,Smagby
m4qreke,mosenco
6xji6npse,newJKPLS
oo6dmgz,Beosar
16hpc3,Mr_Lifewater
4i8ie657,No_Particular_377
sb9xdeju,BlenderUser101
do24bhj4,AsleepSelection6434
w56nu1r3,WaesomeGames
3go8vcr5,polygonalcube
12u9po,Allokka2000
4w6si2d9,stronkzer
4g9n7cn3,craftymicrobes
ape4584y,XerathLowElo
8ziyv,InsanityRoach
60t24,gregbrahe
604ofgol,DesigningWith
8n7tlbau,Nyxx35
9tg00i6p,jpmendd
rdd2rxgo,SodaZilla
xqhos,Yan_7
3jd96g6a,Underspecialised
f9gyyz1b,Yunozan-2111
jwvpnde1,TheLostQuest
7eiho,Borgmaster
3pxqdx84,graybear209
11skx6,Fl333r
8220emf4,munsheys
1alz0pn,bigsbender
w7rv7h1b,Masupell0
5fout4a4,low_light_noise
9ac29lho,TopNeedleworker7997
4kumpz2,Bradybobh
twkjfc4m,MoliPoppins
jdw6a,Nilmor
kvucrj77,Snakehoe
3opk8001,NooblyGod
hogie,Ratstail91
blo7m05m,alternatingpressure
1j9470xg,NickyPL
10ulid,The_Masked_Man103
eajghq4q,Fluid-Tree-9241
8jrcxvt9,EffectiveMacaroon706
s7vgiefj,Lopsided_Fly_3806
li2ynwqf,Mak0ala
w8n2wzet,QuickCrackKrumcake
8jeurzey,4gaterush
lx336,pend00
1auiyrrw,Excellent-Fox-4962
925lh0iw,meterryjoshua
qcetoq34,Commercial_Dev
7gvh230i,enbymama1
5i2xo52j,EgyptianArtist
3yqrrah5c,OGgeek95
6cshqz4c,VladiWir
t0y9bzrn,October3rd2022
w8n1qz2i,FilePuzzleheaded6336
mdunvd2i,impostorus69
skhr4the,NovaFortuna
32iq704k,mega_lova_nia
2com72,frumpy_doodle
tnv8kvy0,Blobware64
5dnkwd0h,ThavoArtz
6puznxaq,Edudelm
60wipedx,mfgjames
5rzxxw3h,lior1229
tzulz914,CrushLinkTD
gm8wa53o,Alternative_Cow_9616
iqaqr,MausGames
ktymd,rap2h
c936jmtf,Roslagen796
afhpw,DevinSanti
bo7ni1yk,SynapsePuzzle
g4m3yeqy,duelcorp
6zcdcub72,Pixelbonk_Studios
azad7,PeekingBoo
czimg7eb,Dimitri_os
153tm9,Exerionius
73b09ucb,sailingfox
cqbws,borovak
6kzpja6z,jackadgery85
1pq2j61x,PivotsForDays
4308cutz,KetraGames
2l7ptkcr,KaiyoWTF
3zyj22tk,Redbukket_hat
mi8jy,gummby8
6230s0dgu,Being_The_Game
9adkq,AD1337
to524stc,larsgamer
ugywvm3o,SpiralUpGames
14s40m,Alextrocuter
c1s5tev9,BR_GUARAZINHO_09
13vic0,shadowsoflight777
2nj7s7gq,Phantom-Programming
5dn3uulc,v0lt13
72u6vk,MaxLouisCreative
4nlqzj7me,OmniReality
3eafzeat,CaragC
8gu1vtvp,Wonderful_Ad3441
5i092r0k,NyxGalbraith
ac34uzi,221B_Asset_Street
77tszqad,Andrew_Sim
4g371qb,Dastashka
odres,avneramram
4e0yb4is,babareto1
7magns4m,CorefunStudios
f3mfat,Ghost_CreativeDev
n6wxxskm,yummygames__
52jszrse,renbaikun
j9yxk,Flyrswep
b91gl,MalboMX
tjslz2vj,Reasonable_Smile_708
rjnpn,Phillarius
16dhc2na,Marginal_act
5bnhwkp4d,OtterSpaceDev
8k4xplr,delgoodie
emr91r7d,Not_Known_Developer
3pea0cvg,neosphereinteractive
6njsg9bu9,AssetOvi
gc3g3ffl,VikkaGames
3yvqp3aw,erasmo_chang
9pgugifs,JOZGamerOficial
tyoi8koa,oksemgo
qms26jyu,blackvoyagegames
80arf2ib,kevin_ramage89
vks0a1t6,Excellent-Jello3731
oameb,Zepirx
7aa0mq7a,nico10rueda
4dt5afro,dremmer8
mr8p4,MizGames
1zr3yqqd,Knitting_w_a_frenzy
w0kkkrp0,FrajdaGames
8eoeodm4,WASEKU
8z6zhvd2,StegTech
rw7lj5c5,CoreLords
snl2vza5,Virdynmocap
6k97sg3ze,JuriMerz
banuv2dp,Wanzlock
2uvvc4k4,Tudoh92
2r6ts653,Yousmi
93iuievs,1stmanleader
3fvw4fcl,VoVuGames
d219iym,LazenGames
iisxwbmo,PinAffectionate5683
red8wqir,DanielDevs
15rn7p,Owl_My_Heart
cqm31km0,FairGamesDev
o6hdf,hugamer
